{
  "v": "5.7.4",
  "fr": 30,
  "ip": 0,
  "op": 180,
  "w": 1920,
  "h": 1080,
  "nm": "Comp 1",
  "ddd": 0,
  "assets": [],
  "layers": [
    {
      "ddd": 0,
      "ind": 1,
      "ty": 4,
      "nm": "circle outline",
      "parent": 2,
      "sr": 1,
      "ks": {
        "o": { "a": 0, "k": 100, "ix": 11 },
        "r": { "a": 0, "k": 0, "ix": 10 },
        "p": { "a": 0, "k": [0, 0, 0], "ix": 2, "l": 2 },
        "a": { "a": 0, "k": [0, 0, 0], "ix": 1, "l": 2 },
        "s": { "a": 0, "k": [100, 100, 100], "ix": 6, "l": 2 }
      },
      "ao": 0,
      "shapes": [
        {
          "ind": 0,
          "ty": "sh",
          "ix": 1,
          "ks": {
            "a": 0,
            "k": {
              "i": [
                [0, 55.228],
                [55.228, 0],
                [0, -55.228],
                [-55.228, 0]
              ],
              "o": [
                [0, -55.228],
                [-55.228, 0],
                [0, 55.228],
                [55.228, 0]
              ],
              "v": [
                [0, 0],
                [-100, -100],
                [-200, 0],
                [-100, 100]
              ],
              "c": true
            },
            "ix": 2
          },
          "nm": "Path 1",
          "mn": "ADBE Vector Shape - Group",
          "hd": false
        },
        {
          "ind": 1,
          "ty": "sh",
          "ix": 2,
          "ks": {
            "a": 0,
            "k": {
              "i": [
                [0, 55.228],
                [-55.228, 0],
                [0, -55.228],
                [55.228, 0]
              ],
              "o": [
                [0, -55.228],
                [55.228, 0],
                [0, 55.228],
                [-55.228, 0]
              ],
              "v": [
                [0, 0],
                [100, -100],
                [200, 0],
                [100, 100]
              ],
              "c": true
            },
            "ix": 2
          },
          "nm": "Path 2",
          "mn": "ADBE Vector Shape - Group",
          "hd": false
        },
        {
          "ty": "tm",
          "s": { "a": 0, "k": 100, "ix": 1 },
          "e": { "a": 0, "k": 80, "ix": 2 },
          "o": {
            "a": 1,
            "k": [
              {
                "i": { "x": [0.833], "y": [0.833] },
                "o": { "x": [0.167], "y": [0.167] },
                "t": 0,
                "s": [0]
              },
              { "t": 60, "s": [360] }
            ],
            "ix": 3,
            "x": "var $bm_rt;\n$bm_rt = loopOut();"
          },
          "m": 2,
          "ix": 3,
          "nm": "Trim Paths 1",
          "mn": "ADBE Vector Filter - Trim",
          "hd": false
        },
        {
          "ty": "st",
          "c": {
            "a": 0,
            "k": [
              0.47843137254901963, 0.6431372549019608, 0.9725490196078431, 1
            ],
            "ix": 3
          },
          "o": { "a": 0, "k": 100, "ix": 4 },
          "w": { "a": 0, "k": 52, "ix": 5 },
          "lc": 2,
          "lj": 1,
          "ml": 4,
          "bm": 0,
          "nm": "Stroke 1",
          "mn": "ADBE Vector Graphic - Stroke",
          "hd": false
        }
      ],
      "ip": 0,
      "op": 180,
      "st": 0,
      "bm": 0
    },
    {
      "ddd": 0,
      "ind": 2,
      "ty": 4,
      "nm": "circle",
      "sr": 1,
      "ks": {
        "o": { "a": 0, "k": 100, "ix": 11 },
        "r": {
          "a": 1,
          "k": [
            {
              "i": { "x": [0.833], "y": [0.833] },
              "o": { "x": [0.167], "y": [0.167] },
              "t": 0,
              "s": [0]
            },
            { "t": 60, "s": [360] }
          ],
          "ix": 10,
          "x": "var $bm_rt;\n$bm_rt = loopOut();"
        },
        "p": { "a": 0, "k": [960, 540, 0], "ix": 2, "l": 2 },
        "a": { "a": 0, "k": [0, 0, 0], "ix": 1, "l": 2 },
        "s": { "a": 0, "k": [100, 100, 100], "ix": 6, "l": 2 }
      },
      "ao": 0,
      "shapes": [
        {
          "d": 1,
          "ty": "el",
          "s": { "a": 0, "k": [100, 100], "ix": 2 },
          "p": { "a": 0, "k": [-100, 0], "ix": 3 },
          "nm": "Ellipse Path 1",
          "mn": "ADBE Vector Shape - Ellipse",
          "hd": false
        },
        {
          "d": 1,
          "ty": "el",
          "s": { "a": 0, "k": [100, 100], "ix": 2 },
          "p": { "a": 0, "k": [100, 0], "ix": 3 },
          "nm": "Ellipse Path 2",
          "mn": "ADBE Vector Shape - Ellipse",
          "hd": false
        },
        {
          "ty": "fl",
          "c": {
            "a": 0,
            "k": [
              0.47843137254901963, 0.6431372549019608, 0.9725490196078431, 1
            ],
            "ix": 4
          },
          "o": { "a": 0, "k": 100, "ix": 5 },
          "r": 1,
          "bm": 0,
          "nm": "Fill 1",
          "mn": "ADBE Vector Graphic - Fill",
          "hd": false
        }
      ],
      "ip": 0,
      "op": 200,
      "st": 0,
      "bm": 0
    }
  ],
  "markers": []
}
