{
  "v": "5.6.8",
  "fr": 25,
  "ip": 0,
  "op": 50,
  "w": 100,
  "h": 78,
  "nm": "Cart_loading",
  "ddd": 0,
  "assets": [
    {
      "id": "comp_0",
      "layers": [
        {
          "ddd": 0,
          "ind": 1,
          "ty": 4,
          "nm": "形状图层 2",
          "sr": 1,
          "ks": {
            "o": {
              "a": 1,
              "k": [
                {
                  "i": { "x": [0.833], "y": [0.833] },
                  "o": { "x": [0.167], "y": [0.167] },
                  "t": 2,
                  "s": [0],
                  "e": [100]
                },
                {
                  "i": { "x": [0.833], "y": [0.833] },
                  "o": { "x": [0.167], "y": [0.167] },
                  "t": 4,
                  "s": [100],
                  "e": [100]
                },
                {
                  "i": { "x": [0.833], "y": [0.833] },
                  "o": { "x": [0.167], "y": [0.167] },
                  "t": 10,
                  "s": [100],
                  "e": [0]
                },
                {
                  "i": { "x": [0.833], "y": [0.833] },
                  "o": { "x": [0.167], "y": [0.167] },
                  "t": 12,
                  "s": [0],
                  "e": [0]
                },
                {
                  "i": { "x": [0.833], "y": [0.833] },
                  "o": { "x": [0.167], "y": [0.167] },
                  "t": 36,
                  "s": [0],
                  "e": [100]
                },
                {
                  "i": { "x": [0.833], "y": [0.833] },
                  "o": { "x": [0.167], "y": [0.167] },
                  "t": 38,
                  "s": [100],
                  "e": [100]
                },
                {
                  "i": { "x": [0.833], "y": [0.833] },
                  "o": { "x": [0.167], "y": [0.167] },
                  "t": 44,
                  "s": [100],
                  "e": [0]
                },
                { "t": 46 }
              ],
              "ix": 11
            },
            "r": { "a": 0, "k": 0, "ix": 10 },
            "p": {
              "a": 1,
              "k": [
                {
                  "i": { "x": 0.833, "y": 0.833 },
                  "o": { "x": 0.167, "y": 0.167 },
                  "t": 3,
                  "s": [42.75, 103.75, 0],
                  "e": [65.25, 103.75, 0],
                  "to": [3.75, 0, 0],
                  "ti": [-10.333, 0, 0]
                },
                {
                  "i": { "x": 0.833, "y": 0.833 },
                  "o": { "x": 0.167, "y": 0.167 },
                  "t": 10,
                  "s": [65.25, 103.75, 0],
                  "e": [72.07, 103.75, 0],
                  "to": [0.882, 0, 0],
                  "ti": [-0.995, 0, 0]
                },
                {
                  "i": { "x": 0.833, "y": 0.833 },
                  "o": { "x": 0.167, "y": 0.167 },
                  "t": 12,
                  "s": [72.07, 103.75, 0],
                  "e": [104.75, 103.75, 0],
                  "to": [10.665, 0, 0],
                  "ti": [-9.452, 0, 0]
                },
                {
                  "i": { "x": 0.833, "y": 0.833 },
                  "o": { "x": 0.167, "y": 0.167 },
                  "t": 37,
                  "s": [104.75, 103.75, 0],
                  "e": [127.25, 103.75, 0],
                  "to": [10.333, 0, 0],
                  "ti": [-4.917, 0, 0]
                },
                {
                  "i": { "x": 0.833, "y": 0.833 },
                  "o": { "x": 0.167, "y": 0.167 },
                  "t": 44,
                  "s": [127.25, 103.75, 0],
                  "e": [134.25, 103.75, 0],
                  "to": [4.917, 0, 0],
                  "ti": [-1.167, 0, 0]
                },
                { "t": 46 }
              ],
              "ix": 2
            },
            "a": { "a": 0, "k": [-68.25, 41, 0], "ix": 1 },
            "s": { "a": 0, "k": [100, 100, 100], "ix": 6 }
          },
          "ao": 0,
          "shapes": [
            {
              "ty": "gr",
              "it": [
                {
                  "ty": "rc",
                  "d": 1,
                  "s": {
                    "a": 1,
                    "k": [
                      {
                        "i": { "x": [0.833, 0.833], "y": [0.833, 0.833] },
                        "o": { "x": [0.167, 0.167], "y": [0.167, 0.167] },
                        "t": 3,
                        "s": [3, 3.564],
                        "e": [8, 3.564]
                      },
                      {
                        "i": { "x": [0.833, 0.833], "y": [0.833, 0.833] },
                        "o": { "x": [0.167, 0.167], "y": [0.167, 0.167] },
                        "t": 10,
                        "s": [8, 3.564],
                        "e": [2, 3.564]
                      },
                      {
                        "i": { "x": [0.833, 0.833], "y": [0.833, 0.833] },
                        "o": { "x": [0.167, 0.167], "y": [0.167, 0.167] },
                        "t": 37,
                        "s": [2, 3.564],
                        "e": [8, 3.564]
                      },
                      { "t": 43 }
                    ],
                    "ix": 2
                  },
                  "p": { "a": 0, "k": [0, 0], "ix": 3 },
                  "r": { "a": 0, "k": 116, "ix": 4 },
                  "nm": "矩形路径 1",
                  "mn": "ADBE Vector Shape - Rect",
                  "hd": false
                },
                {
                  "ty": "fl",
                  "c": {
                    "a": 0,
                    "k": [0.113725497676, 0.768627510819, 0.345098039216, 1],
                    "ix": 4
                  },
                  "o": { "a": 0, "k": 100, "ix": 5 },
                  "r": 1,
                  "bm": 0,
                  "nm": "填充 1",
                  "mn": "ADBE Vector Graphic - Fill",
                  "hd": false
                },
                {
                  "ty": "tr",
                  "p": { "a": 0, "k": [-59.05, 40.745], "ix": 2 },
                  "a": { "a": 0, "k": [9.2, -0.037], "ix": 1 },
                  "s": { "a": 0, "k": [100, 100], "ix": 3 },
                  "r": { "a": 0, "k": 0, "ix": 6 },
                  "o": { "a": 0, "k": 100, "ix": 7 },
                  "sk": { "a": 0, "k": 0, "ix": 4 },
                  "sa": { "a": 0, "k": 0, "ix": 5 },
                  "nm": "变换"
                }
              ],
              "nm": "矩形 1",
              "np": 3,
              "cix": 2,
              "bm": 0,
              "ix": 1,
              "mn": "ADBE Vector Group",
              "hd": false
            }
          ],
          "ip": 0,
          "op": 250,
          "st": 0,
          "bm": 0
        },
        {
          "ddd": 0,
          "ind": 2,
          "ty": 4,
          "nm": "形状图层 1",
          "sr": 1,
          "ks": {
            "o": {
              "a": 1,
              "k": [
                {
                  "i": { "x": [0.833], "y": [0.833] },
                  "o": { "x": [0.167], "y": [0.167] },
                  "t": 4,
                  "s": [0],
                  "e": [100]
                },
                {
                  "i": { "x": [0.833], "y": [0.833] },
                  "o": { "x": [0.167], "y": [0.167] },
                  "t": 6,
                  "s": [100],
                  "e": [100]
                },
                {
                  "i": { "x": [0.833], "y": [0.833] },
                  "o": { "x": [0.167], "y": [0.167] },
                  "t": 12,
                  "s": [100],
                  "e": [0]
                },
                {
                  "i": { "x": [0.833], "y": [0.833] },
                  "o": { "x": [0.167], "y": [0.167] },
                  "t": 14,
                  "s": [0],
                  "e": [0]
                },
                {
                  "i": { "x": [0.833], "y": [0.833] },
                  "o": { "x": [0.167], "y": [0.167] },
                  "t": 39,
                  "s": [0],
                  "e": [100]
                },
                {
                  "i": { "x": [0.833], "y": [0.833] },
                  "o": { "x": [0.167], "y": [0.167] },
                  "t": 41,
                  "s": [100],
                  "e": [100]
                },
                {
                  "i": { "x": [0.833], "y": [0.833] },
                  "o": { "x": [0.167], "y": [0.167] },
                  "t": 47,
                  "s": [100],
                  "e": [0]
                },
                { "t": 49 }
              ],
              "ix": 11
            },
            "r": { "a": 0, "k": 0, "ix": 10 },
            "p": {
              "a": 1,
              "k": [
                {
                  "i": { "x": 0.833, "y": 0.833 },
                  "o": { "x": 0.167, "y": 0.167 },
                  "t": 6,
                  "s": [46.25, 118.75, 0],
                  "e": [68.75, 118.75, 0],
                  "to": [3.75, 0, 0],
                  "ti": [-11.333, 0, 0]
                },
                {
                  "i": { "x": 0.833, "y": 0.833 },
                  "o": { "x": 0.167, "y": 0.167 },
                  "t": 12,
                  "s": [68.75, 118.75, 0],
                  "e": [75.95, 118.75, 0],
                  "to": [0.387, 0, 0],
                  "ti": [-0.413, 0, 0]
                },
                {
                  "i": { "x": 0.833, "y": 0.833 },
                  "o": { "x": 0.167, "y": 0.167 },
                  "t": 14,
                  "s": [75.95, 118.75, 0],
                  "e": [114.25, 118.75, 0],
                  "to": [11.679, 0, 0],
                  "ti": [-10.946, 0, 0]
                },
                {
                  "i": { "x": 0.833, "y": 0.833 },
                  "o": { "x": 0.167, "y": 0.167 },
                  "t": 41,
                  "s": [114.25, 118.75, 0],
                  "e": [136.75, 118.75, 0],
                  "to": [11.333, 0, 0],
                  "ti": [-4.917, 0, 0]
                },
                {
                  "i": { "x": 0.833, "y": 0.833 },
                  "o": { "x": 0.167, "y": 0.167 },
                  "t": 47,
                  "s": [136.75, 118.75, 0],
                  "e": [143.75, 118.75, 0],
                  "to": [4.917, 0, 0],
                  "ti": [-1.167, 0, 0]
                },
                { "t": 49 }
              ],
              "ix": 2
            },
            "a": { "a": 0, "k": [-68.25, 41, 0], "ix": 1 },
            "s": { "a": 0, "k": [100, 100, 100], "ix": 6 }
          },
          "ao": 0,
          "shapes": [
            {
              "ty": "gr",
              "it": [
                {
                  "ty": "rc",
                  "d": 1,
                  "s": {
                    "a": 1,
                    "k": [
                      {
                        "i": { "x": [0.833, 0.833], "y": [0.833, 0.833] },
                        "o": { "x": [0.167, 0.167], "y": [0.167, 0.167] },
                        "t": 6,
                        "s": [4.5, 3.564],
                        "e": [12, 3.564]
                      },
                      {
                        "i": { "x": [0.833, 0.833], "y": [0.833, 0.833] },
                        "o": { "x": [0.167, 0.167], "y": [0.167, 0.167] },
                        "t": 8,
                        "s": [12, 3.564],
                        "e": [18, 3.564]
                      },
                      {
                        "i": { "x": [0.833, 0.833], "y": [0.833, 0.833] },
                        "o": { "x": [0.167, 0.167], "y": [0.167, 0.167] },
                        "t": 11,
                        "s": [18, 3.564],
                        "e": [6, 3.564]
                      },
                      {
                        "i": { "x": [0.833, 0.833], "y": [0.833, 0.833] },
                        "o": { "x": [0.167, 0.167], "y": [0.167, 0.167] },
                        "t": 14,
                        "s": [6, 3.564],
                        "e": [4.5, 3.564]
                      },
                      {
                        "i": { "x": [0.833, 0.833], "y": [0.833, 0.833] },
                        "o": { "x": [0.167, 0.167], "y": [0.167, 0.167] },
                        "t": 41,
                        "s": [4.5, 3.564],
                        "e": [12, 3.564]
                      },
                      {
                        "i": { "x": [0.833, 0.833], "y": [0.833, 0.833] },
                        "o": { "x": [0.167, 0.167], "y": [0.167, 0.167] },
                        "t": 43,
                        "s": [12, 3.564],
                        "e": [18, 3.564]
                      },
                      {
                        "i": { "x": [0.833, 0.833], "y": [0.833, 0.833] },
                        "o": { "x": [0.167, 0.167], "y": [0.167, 0.167] },
                        "t": 46,
                        "s": [18, 3.564],
                        "e": [6, 3.564]
                      },
                      { "t": 49 }
                    ],
                    "ix": 2
                  },
                  "p": { "a": 0, "k": [0, 0], "ix": 3 },
                  "r": { "a": 0, "k": 116, "ix": 4 },
                  "nm": "矩形路径 1",
                  "mn": "ADBE Vector Shape - Rect",
                  "hd": false
                },
                {
                  "ty": "fl",
                  "c": {
                    "a": 0,
                    "k": [0.113725497676, 0.768627510819, 0.345098039216, 1],
                    "ix": 4
                  },
                  "o": { "a": 0, "k": 100, "ix": 5 },
                  "r": 1,
                  "bm": 0,
                  "nm": "填充 1",
                  "mn": "ADBE Vector Graphic - Fill",
                  "hd": false
                },
                {
                  "ty": "tr",
                  "p": { "a": 0, "k": [-59.05, 40.745], "ix": 2 },
                  "a": { "a": 0, "k": [9.2, -0.037], "ix": 1 },
                  "s": { "a": 0, "k": [100, 100], "ix": 3 },
                  "r": { "a": 0, "k": 0, "ix": 6 },
                  "o": { "a": 0, "k": 100, "ix": 7 },
                  "sk": { "a": 0, "k": 0, "ix": 4 },
                  "sa": { "a": 0, "k": 0, "ix": 5 },
                  "nm": "变换"
                }
              ],
              "nm": "矩形 1",
              "np": 3,
              "cix": 2,
              "bm": 0,
              "ix": 1,
              "mn": "ADBE Vector Group",
              "hd": false
            }
          ],
          "ip": 0,
          "op": 250,
          "st": 0,
          "bm": 0
        },
        {
          "ddd": 0,
          "ind": 3,
          "ty": 0,
          "nm": "预合成 1",
          "refId": "comp_1",
          "sr": 1,
          "ks": {
            "o": {
              "a": 1,
              "k": [
                {
                  "i": { "x": [0.833], "y": [0.833] },
                  "o": { "x": [0.167], "y": [0.167] },
                  "t": 0,
                  "s": [0],
                  "e": [100]
                },
                {
                  "i": { "x": [0.833], "y": [0.833] },
                  "o": { "x": [0.167], "y": [0.167] },
                  "t": 4,
                  "s": [100],
                  "e": [100]
                },
                {
                  "i": { "x": [0.833], "y": [0.833] },
                  "o": { "x": [0.167], "y": [0.167] },
                  "t": 55,
                  "s": [100],
                  "e": [0]
                },
                { "t": 58 }
              ],
              "ix": 11
            },
            "r": { "a": 0, "k": 0, "ix": 10 },
            "p": { "a": 0, "k": [100, 78, 0], "ix": 2 },
            "a": { "a": 0, "k": [100, 78, 0], "ix": 1 },
            "s": { "a": 0, "k": [100, 100, 100], "ix": 6 }
          },
          "ao": 0,
          "w": 200,
          "h": 156,
          "ip": 0,
          "op": 250,
          "st": 0,
          "bm": 0
        },
        {
          "ddd": 0,
          "ind": 4,
          "ty": 0,
          "nm": "预合成 2",
          "refId": "comp_2",
          "sr": 1,
          "ks": {
            "o": {
              "a": 1,
              "k": [
                {
                  "i": { "x": [0.833], "y": [0.833] },
                  "o": { "x": [0.167], "y": [0.167] },
                  "t": 8,
                  "s": [0],
                  "e": [100]
                },
                {
                  "i": { "x": [0.833], "y": [0.833] },
                  "o": { "x": [0.167], "y": [0.167] },
                  "t": 13,
                  "s": [100],
                  "e": [100]
                },
                {
                  "i": { "x": [0.833], "y": [0.833] },
                  "o": { "x": [0.167], "y": [0.167] },
                  "t": 54,
                  "s": [100],
                  "e": [0]
                },
                { "t": 57 }
              ],
              "ix": 11
            },
            "r": { "a": 0, "k": 0, "ix": 10 },
            "p": { "a": 0, "k": [100, 78, 0], "ix": 2 },
            "a": { "a": 0, "k": [100, 78, 0], "ix": 1 },
            "s": { "a": 0, "k": [100, 100, 100], "ix": 6 }
          },
          "ao": 0,
          "w": 200,
          "h": 156,
          "ip": 0,
          "op": 250,
          "st": 0,
          "bm": 0
        },
        {
          "ddd": 0,
          "ind": 5,
          "ty": 4,
          "nm": "星形备份 2",
          "sr": 1,
          "ks": {
            "o": {
              "a": 1,
              "k": [
                {
                  "i": { "x": [0.833], "y": [0.833] },
                  "o": { "x": [0.167], "y": [0.167] },
                  "t": 14,
                  "s": [0],
                  "e": [100]
                },
                {
                  "i": { "x": [0.833], "y": [0.833] },
                  "o": { "x": [0.167], "y": [0.167] },
                  "t": 15,
                  "s": [100],
                  "e": [100]
                },
                {
                  "i": { "x": [0.833], "y": [0.833] },
                  "o": { "x": [0.167], "y": [0.167] },
                  "t": 20,
                  "s": [100],
                  "e": [0]
                },
                { "t": 23 }
              ],
              "ix": 11
            },
            "r": {
              "a": 1,
              "k": [
                {
                  "i": { "x": [0.833], "y": [0.833] },
                  "o": { "x": [0.167], "y": [0.167] },
                  "t": 14,
                  "s": [902.5],
                  "e": [0]
                },
                { "t": 74 }
              ],
              "ix": 10
            },
            "p": {
              "a": 1,
              "k": [
                {
                  "i": { "x": 0, "y": 1 },
                  "o": { "x": 0.167, "y": 0.135 },
                  "t": 14,
                  "s": [121.872, 91.769, 0],
                  "e": [142.372, 72.769, 0],
                  "to": [3.417, -3.167, 0],
                  "ti": [-15.059, 6.481, 0]
                },
                { "t": 22 }
              ],
              "ix": 2
            },
            "a": { "a": 0, "k": [0, 0, 0], "ix": 1 },
            "s": {
              "a": 1,
              "k": [
                {
                  "i": {
                    "x": [0.833, 0.833, 0.833],
                    "y": [0.833, 0.833, 0.833]
                  },
                  "o": {
                    "x": [0.167, 0.167, 0.167],
                    "y": [0.167, 0.167, 0.167]
                  },
                  "t": 14,
                  "s": [58, 58, 100],
                  "e": [100, 100, 100]
                },
                { "t": 20 }
              ],
              "ix": 6
            }
          },
          "ao": 0,
          "shapes": [
            {
              "ty": "gr",
              "it": [
                {
                  "ind": 0,
                  "ty": "sh",
                  "ix": 1,
                  "ks": {
                    "a": 0,
                    "k": {
                      "i": [
                        [0, 0],
                        [0, 0],
                        [0.43, 0.35],
                        [0.03, 0.25],
                        [0, 0],
                        [0, 0],
                        [-0.35, 0.43],
                        [-0.25, 0.03],
                        [0, 0],
                        [0, 0],
                        [-0.43, -0.35],
                        [-0.04, -0.25],
                        [0, 0],
                        [0, 0],
                        [0.35, -0.43],
                        [0.25, -0.04]
                      ],
                      "o": [
                        [0, 0],
                        [-0.35, 0.43],
                        [-0.2, -0.16],
                        [0, 0],
                        [0, 0],
                        [-0.43, -0.35],
                        [0.16, -0.2],
                        [0, 0],
                        [0, 0],
                        [0.35, -0.43],
                        [0.2, 0.16],
                        [0, 0],
                        [0, 0],
                        [0.43, 0.35],
                        [-0.16, 0.2],
                        [0, 0]
                      ],
                      "v": [
                        [1.295, 2.245],
                        [-0.125, 4.025],
                        [-1.535, 4.175],
                        [-1.895, 3.545],
                        [-2.245, 1.295],
                        [-4.025, -0.125],
                        [-4.175, -1.535],
                        [-3.545, -1.895],
                        [-1.295, -2.245],
                        [0.125, -4.025],
                        [1.535, -4.175],
                        [1.895, -3.545],
                        [2.245, -1.295],
                        [4.025, 0.125],
                        [4.175, 1.535],
                        [3.545, 1.895]
                      ],
                      "c": true
                    },
                    "ix": 2
                  },
                  "nm": "路径 1",
                  "mn": "ADBE Vector Shape - Group",
                  "hd": false
                },
                {
                  "ty": "fl",
                  "c": {
                    "a": 0,
                    "k": [1, 0.867987060547, 0.289644607843, 1],
                    "ix": 4
                  },
                  "o": { "a": 0, "k": 100, "ix": 5 },
                  "r": 1,
                  "bm": 0,
                  "nm": "填充 1",
                  "mn": "ADBE Vector Graphic - Fill",
                  "hd": false
                },
                {
                  "ty": "tr",
                  "p": { "a": 0, "k": [0, 0], "ix": 2 },
                  "a": { "a": 0, "k": [0, 0], "ix": 1 },
                  "s": { "a": 0, "k": [128.205, 128.205], "ix": 3 },
                  "r": { "a": 0, "k": 0, "ix": 6 },
                  "o": { "a": 0, "k": 100, "ix": 7 },
                  "sk": { "a": 0, "k": 0, "ix": 4 },
                  "sa": { "a": 0, "k": 0, "ix": 5 },
                  "nm": "变换"
                }
              ],
              "nm": "星形备份",
              "np": 2,
              "cix": 2,
              "bm": 0,
              "ix": 1,
              "mn": "ADBE Vector Group",
              "hd": false
            }
          ],
          "ip": 0,
          "op": 250,
          "st": 0,
          "bm": 0
        },
        {
          "ddd": 0,
          "ind": 6,
          "ty": 4,
          "nm": "星形备份",
          "sr": 1,
          "ks": {
            "o": {
              "a": 1,
              "k": [
                {
                  "i": { "x": [0.833], "y": [0.833] },
                  "o": { "x": [0.167], "y": [0.167] },
                  "t": 12,
                  "s": [0],
                  "e": [100]
                },
                {
                  "i": { "x": [0.833], "y": [0.833] },
                  "o": { "x": [0.167], "y": [0.167] },
                  "t": 13,
                  "s": [100],
                  "e": [100]
                },
                {
                  "i": { "x": [0.833], "y": [0.833] },
                  "o": { "x": [0.167], "y": [0.167] },
                  "t": 19,
                  "s": [100],
                  "e": [0]
                },
                { "t": 22 }
              ],
              "ix": 11
            },
            "r": {
              "a": 1,
              "k": [
                {
                  "i": { "x": [0.833], "y": [0.833] },
                  "o": { "x": [0.167], "y": [0.167] },
                  "t": 12,
                  "s": [-900],
                  "e": [0]
                },
                { "t": 75 }
              ],
              "ix": 10
            },
            "p": {
              "a": 1,
              "k": [
                {
                  "i": { "x": 0, "y": 1 },
                  "o": { "x": 0.167, "y": 0.158 },
                  "t": 12,
                  "s": [78.872, 81.769, 0],
                  "e": [61.372, 61.769, 0],
                  "to": [-2.917, -3.333, 0],
                  "ti": [11.003, 3.981, 0]
                },
                { "t": 21 }
              ],
              "ix": 2
            },
            "a": { "a": 0, "k": [0, 0, 0], "ix": 1 },
            "s": {
              "a": 1,
              "k": [
                {
                  "i": {
                    "x": [0.833, 0.833, 0.833],
                    "y": [0.833, 0.833, 0.833]
                  },
                  "o": {
                    "x": [0.167, 0.167, 0.167],
                    "y": [0.167, 0.167, 0.167]
                  },
                  "t": 12,
                  "s": [58, 58, 100],
                  "e": [78, 78, 100]
                },
                { "t": 18 }
              ],
              "ix": 6
            }
          },
          "ao": 0,
          "shapes": [
            {
              "ty": "gr",
              "it": [
                {
                  "ind": 0,
                  "ty": "sh",
                  "ix": 1,
                  "ks": {
                    "a": 0,
                    "k": {
                      "i": [
                        [0, 0],
                        [0, 0],
                        [0.43, 0.35],
                        [0.03, 0.25],
                        [0, 0],
                        [0, 0],
                        [-0.35, 0.43],
                        [-0.25, 0.03],
                        [0, 0],
                        [0, 0],
                        [-0.43, -0.35],
                        [-0.04, -0.25],
                        [0, 0],
                        [0, 0],
                        [0.35, -0.43],
                        [0.25, -0.04]
                      ],
                      "o": [
                        [0, 0],
                        [-0.35, 0.43],
                        [-0.2, -0.16],
                        [0, 0],
                        [0, 0],
                        [-0.43, -0.35],
                        [0.16, -0.2],
                        [0, 0],
                        [0, 0],
                        [0.35, -0.43],
                        [0.2, 0.16],
                        [0, 0],
                        [0, 0],
                        [0.43, 0.35],
                        [-0.16, 0.2],
                        [0, 0]
                      ],
                      "v": [
                        [1.295, 2.245],
                        [-0.125, 4.025],
                        [-1.535, 4.175],
                        [-1.895, 3.545],
                        [-2.245, 1.295],
                        [-4.025, -0.125],
                        [-4.175, -1.535],
                        [-3.545, -1.895],
                        [-1.295, -2.245],
                        [0.125, -4.025],
                        [1.535, -4.175],
                        [1.895, -3.545],
                        [2.245, -1.295],
                        [4.025, 0.125],
                        [4.175, 1.535],
                        [3.545, 1.895]
                      ],
                      "c": true
                    },
                    "ix": 2
                  },
                  "nm": "路径 1",
                  "mn": "ADBE Vector Shape - Group",
                  "hd": false
                },
                {
                  "ty": "fl",
                  "c": {
                    "a": 0,
                    "k": [1, 0.867987060547, 0.289644607843, 1],
                    "ix": 4
                  },
                  "o": { "a": 0, "k": 100, "ix": 5 },
                  "r": 1,
                  "bm": 0,
                  "nm": "填充 1",
                  "mn": "ADBE Vector Graphic - Fill",
                  "hd": false
                },
                {
                  "ty": "tr",
                  "p": { "a": 0, "k": [0, 0], "ix": 2 },
                  "a": { "a": 0, "k": [0, 0], "ix": 1 },
                  "s": { "a": 0, "k": [128.205, 128.205], "ix": 3 },
                  "r": { "a": 0, "k": 0, "ix": 6 },
                  "o": { "a": 0, "k": 100, "ix": 7 },
                  "sk": { "a": 0, "k": 0, "ix": 4 },
                  "sa": { "a": 0, "k": 0, "ix": 5 },
                  "nm": "变换"
                }
              ],
              "nm": "星形备份",
              "np": 2,
              "cix": 2,
              "bm": 0,
              "ix": 1,
              "mn": "ADBE Vector Group",
              "hd": false
            }
          ],
          "ip": 0,
          "op": 250,
          "st": 0,
          "bm": 0
        }
      ]
    },
    {
      "id": "comp_1",
      "layers": [
        {
          "ddd": 0,
          "ind": 1,
          "ty": 4,
          "nm": "路径 3",
          "parent": 8,
          "sr": 1,
          "ks": {
            "o": { "a": 0, "k": 100, "ix": 11 },
            "r": { "a": 0, "k": 0, "ix": 10 },
            "p": { "a": 0, "k": [-26.858, -6.577, 0], "ix": 2 },
            "a": { "a": 0, "k": [0, 0, 0], "ix": 1 },
            "s": { "a": 0, "k": [100, 100, 100], "ix": 6 }
          },
          "ao": 0,
          "shapes": [
            {
              "ty": "gr",
              "it": [
                {
                  "ind": 0,
                  "ty": "sh",
                  "ix": 1,
                  "ks": {
                    "a": 0,
                    "k": {
                      "i": [
                        [0, 0],
                        [0, 0],
                        [-0.48, -1.97],
                        [0, 0]
                      ],
                      "o": [
                        [0, 0],
                        [2.02, 0],
                        [0, 0],
                        [0, 0]
                      ],
                      "v": [
                        [-10.509, -19.731],
                        [-2.489, -19.731],
                        [1.771, -16.381],
                        [10.511, 19.729]
                      ],
                      "c": false
                    },
                    "ix": 2
                  },
                  "nm": "路径 1",
                  "mn": "ADBE Vector Shape - Group",
                  "hd": false
                },
                {
                  "ty": "st",
                  "c": {
                    "a": 0,
                    "k": [0.113725490868, 0.768627464771, 0.345098048449, 1],
                    "ix": 3
                  },
                  "o": { "a": 0, "k": 100, "ix": 4 },
                  "w": { "a": 0, "k": 5.475, "ix": 5 },
                  "lc": 2,
                  "lj": 2,
                  "bm": 0,
                  "nm": "描边 1",
                  "mn": "ADBE Vector Graphic - Stroke",
                  "hd": false
                },
                {
                  "ty": "tr",
                  "p": { "a": 0, "k": [0, 0], "ix": 2 },
                  "a": { "a": 0, "k": [0, 0], "ix": 1 },
                  "s": { "a": 0, "k": [100, 100], "ix": 3 },
                  "r": { "a": 0, "k": 0, "ix": 6 },
                  "o": { "a": 0, "k": 100, "ix": 7 },
                  "sk": { "a": 0, "k": 0, "ix": 4 },
                  "sa": { "a": 0, "k": 0, "ix": 5 },
                  "nm": "变换"
                }
              ],
              "nm": "路径 3",
              "np": 2,
              "cix": 2,
              "bm": 0,
              "ix": 1,
              "mn": "ADBE Vector Group",
              "hd": false
            }
          ],
          "ip": 0,
          "op": 250,
          "st": 0,
          "bm": 0
        },
        {
          "ddd": 0,
          "ind": 2,
          "ty": 4,
          "nm": "椭圆形备份 6",
          "parent": 9,
          "sr": 1,
          "ks": {
            "o": { "a": 0, "k": 100, "ix": 11 },
            "r": { "a": 0, "k": 0, "ix": 10 },
            "p": {
              "a": 1,
              "k": [
                {
                  "i": { "x": 0.833, "y": 0.833 },
                  "o": { "x": 0.167, "y": 0.167 },
                  "t": 14,
                  "s": [13.072, 1.5, 0],
                  "e": [17.072, 1.5, 0],
                  "to": [0.667, 0, 0],
                  "ti": [0.167, 0, 0]
                },
                {
                  "i": { "x": 0.833, "y": 0.833 },
                  "o": { "x": 0.167, "y": 0.167 },
                  "t": 18,
                  "s": [17.072, 1.5, 0],
                  "e": [12.072, 1.5, 0],
                  "to": [-0.167, 0, 0],
                  "ti": [0.667, 0, 0]
                },
                {
                  "i": { "x": 0.833, "y": 0.833 },
                  "o": { "x": 0.167, "y": 0.167 },
                  "t": 22,
                  "s": [12.072, 1.5, 0],
                  "e": [13.072, 1.5, 0],
                  "to": [-0.667, 0, 0],
                  "ti": [-0.167, 0, 0]
                },
                { "t": 26 }
              ],
              "ix": 2
            },
            "a": { "a": 0, "k": [0, 0, 0], "ix": 1 },
            "s": {
              "a": 1,
              "k": [
                {
                  "i": {
                    "x": [0.833, 0.833, 0.833],
                    "y": [0.833, 0.833, 0.833]
                  },
                  "o": {
                    "x": [0.167, 0.167, 0.167],
                    "y": [0.167, 0.167, 0.167]
                  },
                  "t": 14,
                  "s": [100, 100, 100],
                  "e": [114, 90, 100]
                },
                {
                  "i": {
                    "x": [0.833, 0.833, 0.833],
                    "y": [0.833, 0.833, 0.833]
                  },
                  "o": {
                    "x": [0.167, 0.167, 0.167],
                    "y": [0.167, 0.167, 0.167]
                  },
                  "t": 18,
                  "s": [114, 90, 100],
                  "e": [93, 108, 100]
                },
                {
                  "i": {
                    "x": [0.833, 0.833, 0.833],
                    "y": [0.833, 0.833, 0.833]
                  },
                  "o": {
                    "x": [0.167, 0.167, 0.167],
                    "y": [0.167, 0.167, 0.167]
                  },
                  "t": 22,
                  "s": [93, 108, 100],
                  "e": [100, 100, 100]
                },
                { "t": 26 }
              ],
              "ix": 6
            }
          },
          "ao": 0,
          "shapes": [
            {
              "ty": "gr",
              "it": [
                {
                  "ind": 0,
                  "ty": "sh",
                  "ix": 1,
                  "ks": {
                    "a": 0,
                    "k": {
                      "i": [
                        [-2.83, 0],
                        [0, 2.82],
                        [2.84, 0],
                        [0, -2.83]
                      ],
                      "o": [
                        [2.84, 0],
                        [0, -2.83],
                        [-2.83, 0],
                        [0, 2.82]
                      ],
                      "v": [
                        [-0.001, 5.115],
                        [5.129, 0.005],
                        [-0.001, -5.115],
                        [-5.131, 0.005]
                      ],
                      "c": true
                    },
                    "ix": 2
                  },
                  "nm": "路径 1",
                  "mn": "ADBE Vector Shape - Group",
                  "hd": false
                },
                {
                  "ty": "fl",
                  "c": {
                    "a": 0,
                    "k": [0.113725490868, 0.768627464771, 0.345098048449, 1],
                    "ix": 4
                  },
                  "o": { "a": 0, "k": 100, "ix": 5 },
                  "r": 1,
                  "bm": 0,
                  "nm": "填充 1",
                  "mn": "ADBE Vector Graphic - Fill",
                  "hd": false
                },
                {
                  "ty": "tr",
                  "p": { "a": 0, "k": [0, 0], "ix": 2 },
                  "a": { "a": 0, "k": [0, 0], "ix": 1 },
                  "s": { "a": 0, "k": [100, 100], "ix": 3 },
                  "r": { "a": 0, "k": 0, "ix": 6 },
                  "o": { "a": 0, "k": 100, "ix": 7 },
                  "sk": { "a": 0, "k": 0, "ix": 4 },
                  "sa": { "a": 0, "k": 0, "ix": 5 },
                  "nm": "变换"
                }
              ],
              "nm": "椭圆形备份 6",
              "np": 2,
              "cix": 2,
              "bm": 0,
              "ix": 1,
              "mn": "ADBE Vector Group",
              "hd": false
            }
          ],
          "ip": 0,
          "op": 250,
          "st": 0,
          "bm": 0
        },
        {
          "ddd": 0,
          "ind": 3,
          "ty": 4,
          "nm": "椭圆形",
          "parent": 9,
          "sr": 1,
          "ks": {
            "o": { "a": 0, "k": 100, "ix": 11 },
            "r": { "a": 0, "k": 0, "ix": 10 },
            "p": {
              "a": 1,
              "k": [
                {
                  "i": { "x": 0.833, "y": 0.833 },
                  "o": { "x": 0.167, "y": 0.167 },
                  "t": 14,
                  "s": [-15.25, 1.5, 0],
                  "e": [-20.5, 1.5, 0],
                  "to": [-0.875, 0, 0],
                  "ti": [-0.167, 0, 0]
                },
                {
                  "i": { "x": 0.833, "y": 0.833 },
                  "o": { "x": 0.167, "y": 0.167 },
                  "t": 18,
                  "s": [-20.5, 1.5, 0],
                  "e": [-14.25, 1.5, 0],
                  "to": [0.167, 0, 0],
                  "ti": [-0.875, 0, 0]
                },
                {
                  "i": { "x": 0.833, "y": 0.833 },
                  "o": { "x": 0.167, "y": 0.167 },
                  "t": 22,
                  "s": [-14.25, 1.5, 0],
                  "e": [-15.25, 1.5, 0],
                  "to": [0.875, 0, 0],
                  "ti": [0.167, 0, 0]
                },
                { "t": 26 }
              ],
              "ix": 2
            },
            "a": { "a": 0, "k": [0, 0, 0], "ix": 1 },
            "s": {
              "a": 1,
              "k": [
                {
                  "i": {
                    "x": [0.833, 0.833, 0.833],
                    "y": [0.833, 0.833, 0.833]
                  },
                  "o": {
                    "x": [0.167, 0.167, 0.167],
                    "y": [0.167, 0.167, 0.167]
                  },
                  "t": 14,
                  "s": [100, 100, 100],
                  "e": [114, 90, 100]
                },
                {
                  "i": {
                    "x": [0.833, 0.833, 0.833],
                    "y": [0.833, 0.833, 0.833]
                  },
                  "o": {
                    "x": [0.167, 0.167, 0.167],
                    "y": [0.167, 0.167, 0.167]
                  },
                  "t": 18,
                  "s": [114, 90, 100],
                  "e": [93, 108, 100]
                },
                {
                  "i": {
                    "x": [0.833, 0.833, 0.833],
                    "y": [0.833, 0.833, 0.833]
                  },
                  "o": {
                    "x": [0.167, 0.167, 0.167],
                    "y": [0.167, 0.167, 0.167]
                  },
                  "t": 22,
                  "s": [93, 108, 100],
                  "e": [100, 100, 100]
                },
                { "t": 26 }
              ],
              "ix": 6
            }
          },
          "ao": 0,
          "shapes": [
            {
              "ty": "gr",
              "it": [
                {
                  "ind": 0,
                  "ty": "sh",
                  "ix": 1,
                  "ks": {
                    "a": 0,
                    "k": {
                      "i": [
                        [-2.83, 0],
                        [0, 2.82],
                        [2.84, 0],
                        [0, -2.83]
                      ],
                      "o": [
                        [2.84, 0],
                        [0, -2.83],
                        [-2.83, 0],
                        [0, 2.82]
                      ],
                      "v": [
                        [-0.001, 5.115],
                        [5.129, 0.005],
                        [-0.001, -5.115],
                        [-5.131, 0.005]
                      ],
                      "c": true
                    },
                    "ix": 2
                  },
                  "nm": "路径 1",
                  "mn": "ADBE Vector Shape - Group",
                  "hd": false
                },
                {
                  "ty": "fl",
                  "c": {
                    "a": 0,
                    "k": [0.113725490868, 0.768627464771, 0.345098048449, 1],
                    "ix": 4
                  },
                  "o": { "a": 0, "k": 100, "ix": 5 },
                  "r": 1,
                  "bm": 0,
                  "nm": "填充 1",
                  "mn": "ADBE Vector Graphic - Fill",
                  "hd": false
                },
                {
                  "ty": "tr",
                  "p": { "a": 0, "k": [0, 0], "ix": 2 },
                  "a": { "a": 0, "k": [0, 0], "ix": 1 },
                  "s": { "a": 0, "k": [100, 100], "ix": 3 },
                  "r": { "a": 0, "k": 0, "ix": 6 },
                  "o": { "a": 0, "k": 100, "ix": 7 },
                  "sk": { "a": 0, "k": 0, "ix": 4 },
                  "sa": { "a": 0, "k": 0, "ix": 5 },
                  "nm": "变换"
                }
              ],
              "nm": "椭圆形",
              "np": 2,
              "cix": 2,
              "bm": 0,
              "ix": 1,
              "mn": "ADBE Vector Group",
              "hd": false
            }
          ],
          "ip": 0,
          "op": 250,
          "st": 0,
          "bm": 0
        },
        {
          "ddd": 0,
          "ind": 4,
          "ty": 4,
          "nm": "矩形备份 9",
          "parent": 8,
          "sr": 1,
          "ks": {
            "o": { "a": 0, "k": 100, "ix": 11 },
            "r": { "a": 0, "k": 0, "ix": 10 },
            "p": { "a": 0, "k": [5.642, 0, 0], "ix": 2 },
            "a": { "a": 0, "k": [0, 0, 0], "ix": 1 },
            "s": { "a": 0, "k": [100, 100, 100], "ix": 6 }
          },
          "ao": 0,
          "shapes": [
            {
              "ty": "gr",
              "it": [
                {
                  "ind": 0,
                  "ty": "sh",
                  "ix": 1,
                  "ks": {
                    "a": 0,
                    "k": {
                      "i": [
                        [0, 0],
                        [0, 0],
                        [0, 0],
                        [0, 0]
                      ],
                      "o": [
                        [0, 0],
                        [0, 0],
                        [0, 0],
                        [0, 0]
                      ],
                      "v": [
                        [-2.936, -7.31],
                        [2.924, -7.31],
                        [2.934, 7.31],
                        [-2.926, 7.31]
                      ],
                      "c": true
                    },
                    "ix": 2
                  },
                  "nm": "路径 1",
                  "mn": "ADBE Vector Shape - Group",
                  "hd": false
                },
                {
                  "ty": "rd",
                  "nm": "圆角 1",
                  "r": { "a": 0, "k": 2.737, "ix": 1 },
                  "ix": 2,
                  "mn": "ADBE Vector Filter - RC",
                  "hd": false
                },
                {
                  "ty": "fl",
                  "c": {
                    "a": 0,
                    "k": [0.243137255311, 0.874509811401, 0.466666668653, 1],
                    "ix": 4
                  },
                  "o": { "a": 0, "k": 100, "ix": 5 },
                  "r": 1,
                  "bm": 0,
                  "nm": "填充 1",
                  "mn": "ADBE Vector Graphic - Fill",
                  "hd": false
                },
                {
                  "ty": "tr",
                  "p": { "a": 0, "k": [0, 0], "ix": 2 },
                  "a": { "a": 0, "k": [0, 0], "ix": 1 },
                  "s": { "a": 0, "k": [100, 100], "ix": 3 },
                  "r": { "a": 0, "k": -11, "ix": 6 },
                  "o": { "a": 0, "k": 100, "ix": 7 },
                  "sk": { "a": 0, "k": 0, "ix": 4 },
                  "sa": { "a": 0, "k": 0, "ix": 5 },
                  "nm": "变换"
                }
              ],
              "nm": "矩形备份 9",
              "np": 3,
              "cix": 2,
              "bm": 0,
              "ix": 1,
              "mn": "ADBE Vector Group",
              "hd": false
            }
          ],
          "ip": 0,
          "op": 250,
          "st": 0,
          "bm": 0
        },
        {
          "ddd": 0,
          "ind": 5,
          "ty": 4,
          "nm": "矩形备份 6",
          "parent": 8,
          "sr": 1,
          "ks": {
            "o": { "a": 0, "k": 100, "ix": 11 },
            "r": { "a": 0, "k": 0, "ix": 10 },
            "p": { "a": 0, "k": [-3.155, 0, 0], "ix": 2 },
            "a": { "a": 0, "k": [0, 0, 0], "ix": 1 },
            "s": { "a": 0, "k": [100, 100, 100], "ix": 6 }
          },
          "ao": 0,
          "shapes": [
            {
              "ty": "gr",
              "it": [
                {
                  "ind": 0,
                  "ty": "sh",
                  "ix": 1,
                  "ks": {
                    "a": 0,
                    "k": {
                      "i": [
                        [0, 0],
                        [0, 0],
                        [0, 0],
                        [0, 0]
                      ],
                      "o": [
                        [0, 0],
                        [0, 0],
                        [0, 0],
                        [0, 0]
                      ],
                      "v": [
                        [-2.936, -7.31],
                        [2.924, -7.31],
                        [2.934, 7.31],
                        [-2.926, 7.31]
                      ],
                      "c": true
                    },
                    "ix": 2
                  },
                  "nm": "路径 1",
                  "mn": "ADBE Vector Shape - Group",
                  "hd": false
                },
                {
                  "ty": "rd",
                  "nm": "圆角 1",
                  "r": { "a": 0, "k": 2.737, "ix": 1 },
                  "ix": 2,
                  "mn": "ADBE Vector Filter - RC",
                  "hd": false
                },
                {
                  "ty": "fl",
                  "c": {
                    "a": 0,
                    "k": [0.243137255311, 0.874509811401, 0.466666668653, 1],
                    "ix": 4
                  },
                  "o": { "a": 0, "k": 100, "ix": 5 },
                  "r": 1,
                  "bm": 0,
                  "nm": "填充 1",
                  "mn": "ADBE Vector Graphic - Fill",
                  "hd": false
                },
                {
                  "ty": "tr",
                  "p": { "a": 0, "k": [0, 0], "ix": 2 },
                  "a": { "a": 0, "k": [0, 0], "ix": 1 },
                  "s": { "a": 0, "k": [100, 100], "ix": 3 },
                  "r": { "a": 0, "k": -11, "ix": 6 },
                  "o": { "a": 0, "k": 100, "ix": 7 },
                  "sk": { "a": 0, "k": 0, "ix": 4 },
                  "sa": { "a": 0, "k": 0, "ix": 5 },
                  "nm": "变换"
                }
              ],
              "nm": "矩形备份 6",
              "np": 3,
              "cix": 2,
              "bm": 0,
              "ix": 1,
              "mn": "ADBE Vector Group",
              "hd": false
            }
          ],
          "ip": 0,
          "op": 250,
          "st": 0,
          "bm": 0
        },
        {
          "ddd": 0,
          "ind": 6,
          "ty": 4,
          "nm": "矩形",
          "parent": 8,
          "sr": 1,
          "ks": {
            "o": { "a": 0, "k": 100, "ix": 11 },
            "r": { "a": 0, "k": 0, "ix": 10 },
            "p": { "a": 0, "k": [-11.951, 0, 0], "ix": 2 },
            "a": { "a": 0, "k": [0, 0, 0], "ix": 1 },
            "s": { "a": 0, "k": [100, 100, 100], "ix": 6 }
          },
          "ao": 0,
          "shapes": [
            {
              "ty": "gr",
              "it": [
                {
                  "ind": 0,
                  "ty": "sh",
                  "ix": 1,
                  "ks": {
                    "a": 0,
                    "k": {
                      "i": [
                        [0, 0],
                        [0, 0],
                        [0, 0],
                        [0, 0]
                      ],
                      "o": [
                        [0, 0],
                        [0, 0],
                        [0, 0],
                        [0, 0]
                      ],
                      "v": [
                        [-2.936, -7.31],
                        [2.924, -7.31],
                        [2.934, 7.31],
                        [-2.926, 7.31]
                      ],
                      "c": true
                    },
                    "ix": 2
                  },
                  "nm": "路径 1",
                  "mn": "ADBE Vector Shape - Group",
                  "hd": false
                },
                {
                  "ty": "rd",
                  "nm": "圆角 1",
                  "r": { "a": 0, "k": 2.737, "ix": 1 },
                  "ix": 2,
                  "mn": "ADBE Vector Filter - RC",
                  "hd": false
                },
                {
                  "ty": "fl",
                  "c": {
                    "a": 0,
                    "k": [0.243137255311, 0.874509811401, 0.466666668653, 1],
                    "ix": 4
                  },
                  "o": { "a": 0, "k": 100, "ix": 5 },
                  "r": 1,
                  "bm": 0,
                  "nm": "填充 1",
                  "mn": "ADBE Vector Graphic - Fill",
                  "hd": false
                },
                {
                  "ty": "tr",
                  "p": { "a": 0, "k": [0, 0], "ix": 2 },
                  "a": { "a": 0, "k": [0, 0], "ix": 1 },
                  "s": { "a": 0, "k": [100, 100], "ix": 3 },
                  "r": { "a": 0, "k": -11, "ix": 6 },
                  "o": { "a": 0, "k": 100, "ix": 7 },
                  "sk": { "a": 0, "k": 0, "ix": 4 },
                  "sa": { "a": 0, "k": 0, "ix": 5 },
                  "nm": "变换"
                }
              ],
              "nm": "矩形",
              "np": 3,
              "cix": 2,
              "bm": 0,
              "ix": 1,
              "mn": "ADBE Vector Group",
              "hd": false
            }
          ],
          "ip": 0,
          "op": 250,
          "st": 0,
          "bm": 0
        },
        {
          "ddd": 0,
          "ind": 7,
          "ty": 4,
          "nm": "路径",
          "parent": 8,
          "sr": 1,
          "ks": {
            "o": { "a": 0, "k": 100, "ix": 11 },
            "r": { "a": 0, "k": 0, "ix": 10 },
            "p": { "a": 0, "k": [-3.888, 0, 0], "ix": 2 },
            "a": { "a": 0, "k": [0, 0, 0], "ix": 1 },
            "s": { "a": 0, "k": [100, 100, 100], "ix": 6 }
          },
          "ao": 0,
          "shapes": [
            {
              "ty": "gr",
              "it": [
                {
                  "ind": 0,
                  "ty": "sh",
                  "ix": 1,
                  "ks": {
                    "a": 0,
                    "k": {
                      "i": [
                        [0, 0],
                        [0, -1.98],
                        [0.06, -0.28],
                        [0, 0],
                        [2.5, 0],
                        [0, 0],
                        [0.57, 2.44],
                        [0, 0]
                      ],
                      "o": [
                        [1.99, 0],
                        [0, 0.29],
                        [0, 0],
                        [-0.59, 2.41],
                        [0, 0],
                        [-2.52, 0],
                        [0, 0],
                        [0, 0]
                      ],
                      "v": [
                        [19.116, -17.538],
                        [22.726, -13.958],
                        [22.626, -13.108],
                        [16.076, 13.442],
                        [10.816, 17.542],
                        [-10.194, 17.542],
                        [-15.474, 13.382],
                        [-22.724, -17.538]
                      ],
                      "c": true
                    },
                    "ix": 2
                  },
                  "nm": "路径 1",
                  "mn": "ADBE Vector Shape - Group",
                  "hd": false
                },
                {
                  "ty": "fl",
                  "c": {
                    "a": 0,
                    "k": [0.113725490868, 0.768627464771, 0.345098048449, 1],
                    "ix": 4
                  },
                  "o": { "a": 0, "k": 100, "ix": 5 },
                  "r": 1,
                  "bm": 0,
                  "nm": "填充 1",
                  "mn": "ADBE Vector Graphic - Fill",
                  "hd": false
                },
                {
                  "ty": "tr",
                  "p": { "a": 0, "k": [0, 0], "ix": 2 },
                  "a": { "a": 0, "k": [0, 0], "ix": 1 },
                  "s": { "a": 0, "k": [100, 100], "ix": 3 },
                  "r": { "a": 0, "k": 0, "ix": 6 },
                  "o": { "a": 0, "k": 100, "ix": 7 },
                  "sk": { "a": 0, "k": 0, "ix": 4 },
                  "sa": { "a": 0, "k": 0, "ix": 5 },
                  "nm": "变换"
                }
              ],
              "nm": "路径",
              "np": 2,
              "cix": 2,
              "bm": 0,
              "ix": 1,
              "mn": "ADBE Vector Group",
              "hd": false
            }
          ],
          "ip": 0,
          "op": 250,
          "st": 0,
          "bm": 0
        },
        {
          "ddd": 0,
          "ind": 8,
          "ty": 4,
          "nm": "路径 2",
          "parent": 9,
          "sr": 1,
          "ks": {
            "o": { "a": 0, "k": 100, "ix": 11 },
            "r": {
              "a": 1,
              "k": [
                {
                  "i": { "x": [0.667], "y": [1] },
                  "o": { "x": [0.333], "y": [0] },
                  "t": 0,
                  "s": [0],
                  "e": [-5]
                },
                {
                  "i": { "x": [0.667], "y": [1] },
                  "o": { "x": [0.333], "y": [0] },
                  "t": 3,
                  "s": [-5],
                  "e": [-6]
                },
                {
                  "i": { "x": [0.667], "y": [1] },
                  "o": { "x": [0.333], "y": [0] },
                  "t": 8,
                  "s": [-6],
                  "e": [4]
                },
                {
                  "i": { "x": [0.667], "y": [1] },
                  "o": { "x": [0.333], "y": [0] },
                  "t": 12,
                  "s": [4],
                  "e": [0]
                },
                {
                  "i": { "x": [0.667], "y": [1] },
                  "o": { "x": [0.167], "y": [0] },
                  "t": 16,
                  "s": [0],
                  "e": [0]
                },
                {
                  "i": { "x": [0.667], "y": [1] },
                  "o": { "x": [0.333], "y": [0] },
                  "t": 31,
                  "s": [0],
                  "e": [-7]
                },
                {
                  "i": { "x": [0.667], "y": [1] },
                  "o": { "x": [0.333], "y": [0] },
                  "t": 35,
                  "s": [-7],
                  "e": [-8]
                },
                {
                  "i": { "x": [0.667], "y": [1] },
                  "o": { "x": [0.333], "y": [0] },
                  "t": 41,
                  "s": [-8],
                  "e": [6]
                },
                {
                  "i": { "x": [0.667], "y": [1] },
                  "o": { "x": [0.333], "y": [0] },
                  "t": 45,
                  "s": [6],
                  "e": [-3]
                },
                {
                  "i": { "x": [0.833], "y": [1] },
                  "o": { "x": [0.167], "y": [0] },
                  "t": 49,
                  "s": [-3],
                  "e": [0]
                },
                { "t": 53 }
              ],
              "ix": 10
            },
            "p": {
              "a": 1,
              "k": [
                {
                  "i": { "x": 0.833, "y": 0.833 },
                  "o": { "x": 0.167, "y": 0.167 },
                  "t": 12,
                  "s": [1, -9.577, 0],
                  "e": [1, -6.577, 0],
                  "to": [0, 0.5, 0],
                  "ti": [0, 0.583, 0]
                },
                {
                  "i": { "x": 0.833, "y": 0.833 },
                  "o": { "x": 0.167, "y": 0.167 },
                  "t": 16,
                  "s": [1, -6.577, 0],
                  "e": [1, -13.077, 0],
                  "to": [0, -0.583, 0],
                  "ti": [0, 0.25, 0]
                },
                {
                  "i": { "x": 0.833, "y": 0.833 },
                  "o": { "x": 0.167, "y": 0.167 },
                  "t": 20,
                  "s": [1, -13.077, 0],
                  "e": [1, -8.077, 0],
                  "to": [0, -0.25, 0],
                  "ti": [0, -0.583, 0]
                },
                {
                  "i": { "x": 0.833, "y": 0.833 },
                  "o": { "x": 0.167, "y": 0.167 },
                  "t": 24,
                  "s": [1, -8.077, 0],
                  "e": [1, -9.577, 0],
                  "to": [0, 0.583, 0],
                  "ti": [0, 0.25, 0]
                },
                { "t": 29 }
              ],
              "ix": 2
            },
            "a": { "a": 0, "k": [2.283, 16.882, 0], "ix": 1 },
            "s": {
              "a": 1,
              "k": [
                {
                  "i": {
                    "x": [0.833, 0.833, 0.833],
                    "y": [0.833, 0.833, 0.833]
                  },
                  "o": {
                    "x": [0.167, 0.167, 0.167],
                    "y": [0.167, 0.167, 0.167]
                  },
                  "t": 12,
                  "s": [100, 100, 100],
                  "e": [108, 75, 100]
                },
                {
                  "i": {
                    "x": [0.833, 0.833, 0.833],
                    "y": [0.833, 0.833, 0.833]
                  },
                  "o": {
                    "x": [0.167, 0.167, 0.167],
                    "y": [0.167, 0.167, 0.167]
                  },
                  "t": 16,
                  "s": [108, 75, 100],
                  "e": [91, 106, 100]
                },
                {
                  "i": {
                    "x": [0.833, 0.833, 0.833],
                    "y": [0.833, 0.833, 0.833]
                  },
                  "o": {
                    "x": [0.167, 0.167, 0.167],
                    "y": [0.167, 0.167, 0.167]
                  },
                  "t": 20,
                  "s": [91, 106, 100],
                  "e": [104, 92, 100]
                },
                {
                  "i": {
                    "x": [0.833, 0.833, 0.833],
                    "y": [0.833, 0.833, 0.833]
                  },
                  "o": {
                    "x": [0.167, 0.167, 0.167],
                    "y": [0.167, 0.167, 0.167]
                  },
                  "t": 24,
                  "s": [104, 92, 100],
                  "e": [100, 100, 100]
                },
                { "t": 29 }
              ],
              "ix": 6
            }
          },
          "ao": 0,
          "shapes": [
            {
              "ty": "gr",
              "it": [
                {
                  "ind": 0,
                  "ty": "sh",
                  "ix": 1,
                  "ks": {
                    "a": 0,
                    "k": {
                      "i": [
                        [0, 0],
                        [0, 0],
                        [0, -2.02],
                        [0.07, -0.29],
                        [0, 0],
                        [2.51, 0],
                        [0, 0],
                        [0.58, 2.47]
                      ],
                      "o": [
                        [0, 0],
                        [2.02, 0],
                        [0, 0.3],
                        [0, 0],
                        [-0.61, 2.43],
                        [0, 0],
                        [-2.53, 0],
                        [0, 0]
                      ],
                      "v": [
                        [-26.612, -17.538],
                        [22.958, -17.538],
                        [26.608, -13.888],
                        [26.508, -13.008],
                        [19.928, 13.392],
                        [14.618, 17.542],
                        [-13.972, 17.542],
                        [-19.292, 13.322]
                      ],
                      "c": true
                    },
                    "ix": 2
                  },
                  "nm": "路径 1",
                  "mn": "ADBE Vector Shape - Group",
                  "hd": false
                },
                {
                  "ty": "gf",
                  "o": { "a": 0, "k": 100, "ix": 10 },
                  "r": 1,
                  "bm": 0,
                  "g": {
                    "p": 3,
                    "k": {
                      "a": 0,
                      "k": [
                        0, 0.247, 0.878, 0.471, 0.5, 0.18, 0.802, 0.4, 1, 0.114,
                        0.725, 0.329
                      ],
                      "ix": 9
                    }
                  },
                  "s": { "a": 0, "k": [21.488, -5.269], "ix": 5 },
                  "e": { "a": 0, "k": [-13.481, -2.131], "ix": 6 },
                  "t": 1,
                  "nm": "Gradient1",
                  "mn": "ADBE Vector Graphic - G-Fill",
                  "hd": false
                },
                {
                  "ty": "tr",
                  "p": { "a": 0, "k": [0, 0], "ix": 2 },
                  "a": { "a": 0, "k": [0, 0], "ix": 1 },
                  "s": { "a": 0, "k": [100, 100], "ix": 3 },
                  "r": { "a": 0, "k": 0, "ix": 6 },
                  "o": { "a": 0, "k": 100, "ix": 7 },
                  "sk": { "a": 0, "k": 0, "ix": 4 },
                  "sa": { "a": 0, "k": 0, "ix": 5 },
                  "nm": "变换"
                }
              ],
              "nm": "路径 2",
              "np": 2,
              "cix": 2,
              "bm": 0,
              "ix": 1,
              "mn": "ADBE Vector Group",
              "hd": false
            }
          ],
          "ip": 0,
          "op": 250,
          "st": 0,
          "bm": 0
        },
        {
          "ddd": 0,
          "ind": 9,
          "ty": 4,
          "nm": "cart",
          "sr": 1,
          "ks": {
            "o": { "a": 0, "k": 0, "ix": 11 },
            "r": { "a": 0, "k": 0, "ix": 10 },
            "p": {
              "a": 1,
              "k": [
                {
                  "i": { "x": 0.667, "y": 1 },
                  "o": { "x": 0.333, "y": 0 },
                  "t": 0,
                  "s": [41.466, 132.885, 0],
                  "e": [99.5, 132.885, 0],
                  "to": [9.672, 0, 0],
                  "ti": [-9.672, 0, 0]
                },
                {
                  "i": { "x": 0.667, "y": 0.667 },
                  "o": { "x": 0.333, "y": 0.333 },
                  "t": 8,
                  "s": [99.5, 132.885, 0],
                  "e": [99.5, 132.885, 0],
                  "to": [0, 0, 0],
                  "ti": [0, 0, 0]
                },
                {
                  "i": { "x": 0.667, "y": 1 },
                  "o": { "x": 0.333, "y": 0 },
                  "t": 31,
                  "s": [99.5, 132.885, 0],
                  "e": [168.5, 132.885, 0],
                  "to": [11.5, 0, 0],
                  "ti": [-11.5, 0, 0]
                },
                { "t": 41 }
              ],
              "ix": 2
            },
            "a": { "a": 0, "k": [0, 0, 0], "ix": 1 },
            "s": { "a": 0, "k": [100, 100, 100], "ix": 6 }
          },
          "ao": 0,
          "shapes": [
            {
              "ty": "gr",
              "it": [
                {
                  "ind": 0,
                  "ty": "sh",
                  "ix": 1,
                  "ks": {
                    "a": 0,
                    "k": {
                      "i": [
                        [-2.83, 0],
                        [0, 2.82],
                        [2.84, 0],
                        [0, -2.83]
                      ],
                      "o": [
                        [2.84, 0],
                        [0, -2.83],
                        [-2.83, 0],
                        [0, 2.82]
                      ],
                      "v": [
                        [-0.001, 5.115],
                        [5.129, 0.005],
                        [-0.001, -5.115],
                        [-5.131, 0.005]
                      ],
                      "c": true
                    },
                    "ix": 2
                  },
                  "nm": "路径 1",
                  "mn": "ADBE Vector Shape - Group",
                  "hd": false
                },
                {
                  "ty": "fl",
                  "c": {
                    "a": 0,
                    "k": [0.113725490868, 0.768627464771, 0.345098048449, 1],
                    "ix": 4
                  },
                  "o": { "a": 0, "k": 100, "ix": 5 },
                  "r": 1,
                  "bm": 0,
                  "nm": "填充 1",
                  "mn": "ADBE Vector Graphic - Fill",
                  "hd": false
                },
                {
                  "ty": "tr",
                  "p": { "a": 0, "k": [0, 0], "ix": 2 },
                  "a": { "a": 0, "k": [0, 0], "ix": 1 },
                  "s": { "a": 0, "k": [100, 100], "ix": 3 },
                  "r": { "a": 0, "k": 0, "ix": 6 },
                  "o": { "a": 0, "k": 100, "ix": 7 },
                  "sk": { "a": 0, "k": 0, "ix": 4 },
                  "sa": { "a": 0, "k": 0, "ix": 5 },
                  "nm": "变换"
                }
              ],
              "nm": "椭圆形",
              "np": 2,
              "cix": 2,
              "bm": 0,
              "ix": 1,
              "mn": "ADBE Vector Group",
              "hd": false
            }
          ],
          "ip": 0,
          "op": 250,
          "st": 0,
          "bm": 0
        }
      ]
    },
    {
      "id": "comp_2",
      "layers": [
        {
          "ddd": 0,
          "ind": 1,
          "ty": 4,
          "nm": "路径 5",
          "parent": 6,
          "sr": 1,
          "ks": {
            "o": { "a": 0, "k": 23, "ix": 11 },
            "r": { "a": 0, "k": 0, "ix": 10 },
            "p": { "a": 0, "k": [-1.534, -4.503, 0], "ix": 2 },
            "a": { "a": 0, "k": [0, 0, 0], "ix": 1 },
            "s": { "a": 0, "k": [100, 100, 100], "ix": 6 }
          },
          "ao": 0,
          "shapes": [
            {
              "ty": "gr",
              "it": [
                {
                  "ind": 0,
                  "ty": "sh",
                  "ix": 1,
                  "ks": {
                    "a": 0,
                    "k": {
                      "i": [
                        [0, 0],
                        [0, 0],
                        [0, 0],
                        [0, 0]
                      ],
                      "o": [
                        [0, 0],
                        [0, 0],
                        [0, 0],
                        [0, 0]
                      ],
                      "v": [
                        [7.486, -18.495],
                        [-17.119, 7.308],
                        [-17.028, 17.468],
                        [16.086, -18.495]
                      ],
                      "c": true
                    },
                    "ix": 2
                  },
                  "nm": "路径 1",
                  "mn": "ADBE Vector Shape - Group",
                  "hd": false
                },
                {
                  "ty": "fl",
                  "c": { "a": 0, "k": [1, 1, 1, 1], "ix": 4 },
                  "o": { "a": 0, "k": 100, "ix": 5 },
                  "r": 1,
                  "bm": 0,
                  "nm": "填充 1",
                  "mn": "ADBE Vector Graphic - Fill",
                  "hd": false
                },
                {
                  "ty": "tr",
                  "p": { "a": 0, "k": [0, 0], "ix": 2 },
                  "a": { "a": 0, "k": [0, 0], "ix": 1 },
                  "s": { "a": 0, "k": [100, 100], "ix": 3 },
                  "r": { "a": 0, "k": 0, "ix": 6 },
                  "o": { "a": 0, "k": 100, "ix": 7 },
                  "sk": { "a": 0, "k": 0, "ix": 4 },
                  "sa": { "a": 0, "k": 0, "ix": 5 },
                  "nm": "变换"
                }
              ],
              "nm": "路径 5",
              "np": 2,
              "cix": 2,
              "bm": 0,
              "ix": 1,
              "mn": "ADBE Vector Group",
              "hd": false
            }
          ],
          "ip": 0,
          "op": 250,
          "st": 0,
          "bm": 0
        },
        {
          "ddd": 0,
          "ind": 2,
          "ty": 4,
          "nm": "路径 4",
          "parent": 6,
          "sr": 1,
          "ks": {
            "o": { "a": 0, "k": 35, "ix": 11 },
            "r": { "a": 0, "k": 0, "ix": 10 },
            "p": { "a": 0, "k": [-7.33, -11.449, 0], "ix": 2 },
            "a": { "a": 0, "k": [0, 0, 0], "ix": 1 },
            "s": { "a": 0, "k": [100, 100, 100], "ix": 6 }
          },
          "ao": 0,
          "shapes": [
            {
              "ty": "gr",
              "it": [
                {
                  "ind": 0,
                  "ty": "sh",
                  "ix": 1,
                  "ks": {
                    "a": 0,
                    "k": {
                      "i": [
                        [0, 0],
                        [0, 0],
                        [0, 0],
                        [0, 0]
                      ],
                      "o": [
                        [0, 0],
                        [0, 0],
                        [0, 0],
                        [0, 0]
                      ],
                      "v": [
                        [10.11, -11.706],
                        [-11.384, 10.602],
                        [-11.384, 4.392],
                        [4.7, -11.706]
                      ],
                      "c": true
                    },
                    "ix": 2
                  },
                  "nm": "路径 1",
                  "mn": "ADBE Vector Shape - Group",
                  "hd": false
                },
                {
                  "ty": "fl",
                  "c": { "a": 0, "k": [1, 1, 1, 1], "ix": 4 },
                  "o": { "a": 0, "k": 100, "ix": 5 },
                  "r": 1,
                  "bm": 0,
                  "nm": "填充 1",
                  "mn": "ADBE Vector Graphic - Fill",
                  "hd": false
                },
                {
                  "ty": "tr",
                  "p": { "a": 0, "k": [0, 0], "ix": 2 },
                  "a": { "a": 0, "k": [0, 0], "ix": 1 },
                  "s": { "a": 0, "k": [100, 100], "ix": 3 },
                  "r": { "a": 0, "k": 0, "ix": 6 },
                  "o": { "a": 0, "k": 100, "ix": 7 },
                  "sk": { "a": 0, "k": 0, "ix": 4 },
                  "sa": { "a": 0, "k": 0, "ix": 5 },
                  "nm": "变换"
                }
              ],
              "nm": "路径 4",
              "np": 2,
              "cix": 2,
              "bm": 0,
              "ix": 1,
              "mn": "ADBE Vector Group",
              "hd": false
            }
          ],
          "ip": 0,
          "op": 250,
          "st": 0,
          "bm": 0
        },
        {
          "ddd": 0,
          "ind": 3,
          "ty": 4,
          "nm": "矩形备份",
          "parent": 6,
          "sr": 1,
          "ks": {
            "o": { "a": 0, "k": 100, "ix": 11 },
            "r": { "a": 0, "k": 0, "ix": 10 },
            "p": { "a": 0, "k": [0, 13.565, 0], "ix": 2 },
            "a": { "a": 0, "k": [0, 0, 0], "ix": 1 },
            "s": { "a": 0, "k": [100, 100, 100], "ix": 6 }
          },
          "ao": 0,
          "shapes": [
            {
              "ty": "gr",
              "it": [
                {
                  "ind": 0,
                  "ty": "sh",
                  "ix": 1,
                  "ks": {
                    "a": 0,
                    "k": {
                      "i": [
                        [0, 0],
                        [0, 0],
                        [0, 0],
                        [0, 0]
                      ],
                      "o": [
                        [0, 0],
                        [0, 0],
                        [0, 0],
                        [0, 0]
                      ],
                      "v": [
                        [-8.75, -2.177],
                        [8.75, -2.177],
                        [8.75, 2.173],
                        [-8.75, 2.173]
                      ],
                      "c": true
                    },
                    "ix": 2
                  },
                  "nm": "路径 1",
                  "mn": "ADBE Vector Shape - Group",
                  "hd": false
                },
                {
                  "ty": "rd",
                  "nm": "圆角 1",
                  "r": { "a": 0, "k": 2.177, "ix": 1 },
                  "ix": 2,
                  "mn": "ADBE Vector Filter - RC",
                  "hd": false
                },
                {
                  "ty": "fl",
                  "c": {
                    "a": 0,
                    "k": [0.678431372549, 0.862745157878, 0.737254901961, 1],
                    "ix": 4
                  },
                  "o": { "a": 0, "k": 100, "ix": 5 },
                  "r": 1,
                  "bm": 0,
                  "nm": "填充 1",
                  "mn": "ADBE Vector Graphic - Fill",
                  "hd": false
                },
                {
                  "ty": "tr",
                  "p": { "a": 0, "k": [0, 0], "ix": 2 },
                  "a": { "a": 0, "k": [0, 0], "ix": 1 },
                  "s": { "a": 0, "k": [100, 100], "ix": 3 },
                  "r": { "a": 0, "k": 0, "ix": 6 },
                  "o": { "a": 0, "k": 100, "ix": 7 },
                  "sk": { "a": 0, "k": 0, "ix": 4 },
                  "sa": { "a": 0, "k": 0, "ix": 5 },
                  "nm": "变换"
                }
              ],
              "nm": "矩形备份",
              "np": 3,
              "cix": 2,
              "bm": 0,
              "ix": 1,
              "mn": "ADBE Vector Group",
              "hd": false
            }
          ],
          "ip": 0,
          "op": 250,
          "st": 0,
          "bm": 0
        },
        {
          "ddd": 0,
          "ind": 4,
          "ty": 4,
          "nm": "矩形",
          "parent": 6,
          "sr": 1,
          "ks": {
            "o": { "a": 0, "k": 100, "ix": 11 },
            "r": { "a": 0, "k": 0, "ix": 10 },
            "p": { "a": 0, "k": [0, 7.032, 0], "ix": 2 },
            "a": { "a": 0, "k": [0, 0, 0], "ix": 1 },
            "s": { "a": 0, "k": [100, 100, 100], "ix": 6 }
          },
          "ao": 0,
          "shapes": [
            {
              "ty": "gr",
              "it": [
                {
                  "ind": 0,
                  "ty": "sh",
                  "ix": 1,
                  "ks": {
                    "a": 0,
                    "k": {
                      "i": [
                        [0, 0],
                        [0, 0],
                        [0, 0],
                        [0, 0]
                      ],
                      "o": [
                        [0, 0],
                        [0, 0],
                        [0, 0],
                        [0, 0]
                      ],
                      "v": [
                        [-5.833, -1.452],
                        [5.837, -1.452],
                        [5.837, 1.448],
                        [-5.833, 1.448]
                      ],
                      "c": true
                    },
                    "ix": 2
                  },
                  "nm": "路径 1",
                  "mn": "ADBE Vector Shape - Group",
                  "hd": false
                },
                {
                  "ty": "rd",
                  "nm": "圆角 1",
                  "r": { "a": 0, "k": 1.452, "ix": 1 },
                  "ix": 2,
                  "mn": "ADBE Vector Filter - RC",
                  "hd": false
                },
                {
                  "ty": "fl",
                  "c": {
                    "a": 0,
                    "k": [0.678431372549, 0.862745157878, 0.737254901961, 1],
                    "ix": 4
                  },
                  "o": { "a": 0, "k": 100, "ix": 5 },
                  "r": 1,
                  "bm": 0,
                  "nm": "填充 1",
                  "mn": "ADBE Vector Graphic - Fill",
                  "hd": false
                },
                {
                  "ty": "tr",
                  "p": { "a": 0, "k": [0, 0], "ix": 2 },
                  "a": { "a": 0, "k": [0, 0], "ix": 1 },
                  "s": { "a": 0, "k": [100, 100], "ix": 3 },
                  "r": { "a": 0, "k": 0, "ix": 6 },
                  "o": { "a": 0, "k": 100, "ix": 7 },
                  "sk": { "a": 0, "k": 0, "ix": 4 },
                  "sa": { "a": 0, "k": 0, "ix": 5 },
                  "nm": "变换"
                }
              ],
              "nm": "矩形",
              "np": 3,
              "cix": 2,
              "bm": 0,
              "ix": 1,
              "mn": "ADBE Vector Group",
              "hd": false
            }
          ],
          "ip": 0,
          "op": 250,
          "st": 0,
          "bm": 0
        },
        {
          "ddd": 0,
          "ind": 5,
          "ty": 4,
          "nm": "矩形",
          "parent": 6,
          "sr": 1,
          "ks": {
            "o": { "a": 0, "k": 100, "ix": 11 },
            "r": { "a": 0, "k": 0, "ix": 10 },
            "p": { "a": 0, "k": [0, -6.032, 0], "ix": 2 },
            "a": { "a": 0, "k": [0, 0, 0], "ix": 1 },
            "s": { "a": 0, "k": [100, 100, 100], "ix": 6 }
          },
          "ao": 0,
          "shapes": [
            {
              "ty": "gr",
              "it": [
                {
                  "ind": 0,
                  "ty": "sh",
                  "ix": 1,
                  "ks": {
                    "a": 0,
                    "k": {
                      "i": [
                        [0, 0],
                        [0, 0],
                        [0, 0],
                        [0, 0]
                      ],
                      "o": [
                        [0, 0],
                        [0, 0],
                        [0, 0],
                        [0, 0]
                      ],
                      "v": [
                        [-8.75, -8.71],
                        [8.75, -8.71],
                        [8.75, 8.71],
                        [-8.75, 8.71]
                      ],
                      "c": true
                    },
                    "ix": 2
                  },
                  "nm": "路径 1",
                  "mn": "ADBE Vector Shape - Group",
                  "hd": false
                },
                {
                  "ty": "rd",
                  "nm": "圆角 1",
                  "r": { "a": 0, "k": 2.19, "ix": 1 },
                  "ix": 2,
                  "mn": "ADBE Vector Filter - RC",
                  "hd": false
                },
                {
                  "ty": "fl",
                  "c": {
                    "a": 0,
                    "k": [0.678431372549, 0.862745157878, 0.737254901961, 1],
                    "ix": 4
                  },
                  "o": { "a": 0, "k": 100, "ix": 5 },
                  "r": 1,
                  "bm": 0,
                  "nm": "填充 1",
                  "mn": "ADBE Vector Graphic - Fill",
                  "hd": false
                },
                {
                  "ty": "tr",
                  "p": { "a": 0, "k": [0, 0], "ix": 2 },
                  "a": { "a": 0, "k": [0, 0], "ix": 1 },
                  "s": { "a": 0, "k": [100, 100], "ix": 3 },
                  "r": { "a": 0, "k": 0, "ix": 6 },
                  "o": { "a": 0, "k": 100, "ix": 7 },
                  "sk": { "a": 0, "k": 0, "ix": 4 },
                  "sa": { "a": 0, "k": 0, "ix": 5 },
                  "nm": "变换"
                }
              ],
              "nm": "矩形",
              "np": 3,
              "cix": 2,
              "bm": 0,
              "ix": 1,
              "mn": "ADBE Vector Group",
              "hd": false
            }
          ],
          "ip": 0,
          "op": 250,
          "st": 0,
          "bm": 0
        },
        {
          "ddd": 0,
          "ind": 6,
          "ty": 4,
          "nm": "矩形",
          "sr": 1,
          "ks": {
            "o": { "a": 0, "k": 100, "ix": 11 },
            "r": {
              "a": 1,
              "k": [
                {
                  "i": { "x": [0.667], "y": [1] },
                  "o": { "x": [0.333], "y": [0] },
                  "t": 32,
                  "s": [0],
                  "e": [-7]
                },
                {
                  "i": { "x": [0.667], "y": [1] },
                  "o": { "x": [0.333], "y": [0] },
                  "t": 36,
                  "s": [-7],
                  "e": [-8]
                },
                {
                  "i": { "x": [0.667], "y": [1] },
                  "o": { "x": [0.333], "y": [0] },
                  "t": 44,
                  "s": [-8],
                  "e": [5]
                },
                {
                  "i": { "x": [0.667], "y": [1] },
                  "o": { "x": [0.333], "y": [0] },
                  "t": 48,
                  "s": [5],
                  "e": [-3]
                },
                {
                  "i": { "x": [0.833], "y": [1] },
                  "o": { "x": [0.167], "y": [0] },
                  "t": 52,
                  "s": [-3],
                  "e": [0]
                },
                { "t": 56 }
              ],
              "ix": 10
            },
            "p": {
              "a": 1,
              "k": [
                {
                  "i": { "x": 0.667, "y": 1 },
                  "o": { "x": 0.333, "y": 0 },
                  "t": 8,
                  "s": [100.5, 46, 0],
                  "e": [100.5, 111, 0],
                  "to": [0, 10.833, 0],
                  "ti": [0, -10.833, 0]
                },
                {
                  "i": { "x": 0.667, "y": 0.667 },
                  "o": { "x": 0.333, "y": 0.333 },
                  "t": 14,
                  "s": [100.5, 111, 0],
                  "e": [100.5, 111, 0],
                  "to": [0, 0, 0],
                  "ti": [0, 0, 0]
                },
                {
                  "i": { "x": 0.667, "y": 1 },
                  "o": { "x": 0.333, "y": 0 },
                  "t": 31,
                  "s": [100.5, 111, 0],
                  "e": [170, 111, 0],
                  "to": [11.583, 0, 0],
                  "ti": [-11.583, 0, 0]
                },
                { "t": 43 }
              ],
              "ix": 2
            },
            "a": { "a": 0, "k": [0, 21.5, 0], "ix": 1 },
            "s": {
              "a": 1,
              "k": [
                {
                  "i": {
                    "x": [0.833, 0.833, 0.833],
                    "y": [0.833, 0.833, 0.833]
                  },
                  "o": {
                    "x": [0.167, 0.167, 0.167],
                    "y": [0.167, 0.167, 0.167]
                  },
                  "t": 12,
                  "s": [95.919, 110.399, 100],
                  "e": [110.919, 78.399, 100]
                },
                {
                  "i": {
                    "x": [0.833, 0.833, 0.833],
                    "y": [0.833, 0.833, 0.833]
                  },
                  "o": {
                    "x": [0.167, 0.167, 0.167],
                    "y": [0.167, 0.167, 0.167]
                  },
                  "t": 16,
                  "s": [110.919, 78.399, 100],
                  "e": [93.919, 115.399, 100]
                },
                {
                  "i": {
                    "x": [0.833, 0.833, 0.833],
                    "y": [0.833, 0.833, 0.833]
                  },
                  "o": {
                    "x": [0.167, 0.167, 0.167],
                    "y": [0.167, 0.167, 0.167]
                  },
                  "t": 20,
                  "s": [93.919, 115.399, 100],
                  "e": [103.919, 94.399, 100]
                },
                {
                  "i": {
                    "x": [0.833, 0.833, 0.833],
                    "y": [0.833, 0.833, 0.833]
                  },
                  "o": {
                    "x": [0.167, 0.167, 0.167],
                    "y": [0.167, 0.167, 0.167]
                  },
                  "t": 24,
                  "s": [103.919, 94.399, 100],
                  "e": [99.919, 99.399, 100]
                },
                { "t": 29 }
              ],
              "ix": 6
            }
          },
          "ao": 0,
          "shapes": [
            {
              "ty": "gr",
              "it": [
                {
                  "ind": 0,
                  "ty": "sh",
                  "ix": 1,
                  "ks": {
                    "a": 0,
                    "k": {
                      "i": [
                        [0, 0],
                        [0, 0],
                        [0, 0],
                        [0, 0]
                      ],
                      "o": [
                        [0, 0],
                        [0, 0],
                        [0, 0],
                        [0, 0]
                      ],
                      "v": [
                        [-17.5, -22],
                        [17.5, -22],
                        [17.5, 22],
                        [-17.5, 22]
                      ],
                      "c": true
                    },
                    "ix": 2
                  },
                  "nm": "路径 1",
                  "mn": "ADBE Vector Shape - Group",
                  "hd": false
                },
                {
                  "ty": "rd",
                  "nm": "圆角 1",
                  "r": { "a": 0, "k": 4, "ix": 1 },
                  "ix": 2,
                  "mn": "ADBE Vector Filter - RC",
                  "hd": false
                },
                {
                  "ty": "st",
                  "c": {
                    "a": 0,
                    "k": [0.678431372549, 0.862745098039, 0.737254901961, 1],
                    "ix": 3
                  },
                  "o": { "a": 0, "k": 100, "ix": 4 },
                  "w": { "a": 0, "k": 2, "ix": 5 },
                  "lc": 1,
                  "lj": 1,
                  "ml": 4,
                  "bm": 0,
                  "nm": "描边 1",
                  "mn": "ADBE Vector Graphic - Stroke",
                  "hd": false
                },
                {
                  "ty": "fl",
                  "c": {
                    "a": 0,
                    "k": [0.78431372549, 0.917647058824, 0.827450980392, 1],
                    "ix": 4
                  },
                  "o": { "a": 0, "k": 100, "ix": 5 },
                  "r": 1,
                  "bm": 0,
                  "nm": "填充 1",
                  "mn": "ADBE Vector Graphic - Fill",
                  "hd": false
                },
                {
                  "ty": "tr",
                  "p": { "a": 0, "k": [0, 0], "ix": 2 },
                  "a": { "a": 0, "k": [0, 0], "ix": 1 },
                  "s": { "a": 0, "k": [100, 100], "ix": 3 },
                  "r": { "a": 0, "k": 0, "ix": 6 },
                  "o": { "a": 0, "k": 100, "ix": 7 },
                  "sk": { "a": 0, "k": 0, "ix": 4 },
                  "sa": { "a": 0, "k": 0, "ix": 5 },
                  "nm": "变换"
                }
              ],
              "nm": "矩形",
              "np": 4,
              "cix": 2,
              "bm": 0,
              "ix": 1,
              "mn": "ADBE Vector Group",
              "hd": false
            }
          ],
          "ip": 0,
          "op": 250,
          "st": 0,
          "bm": 0
        }
      ]
    }
  ],
  "layers": [
    {
      "ddd": 0,
      "ind": 1,
      "ty": 0,
      "nm": "预合成 3",
      "refId": "comp_0",
      "sr": 0.8,
      "ks": {
        "o": { "a": 0, "k": 100, "ix": 11 },
        "r": { "a": 0, "k": 0, "ix": 10 },
        "p": { "a": 0, "k": [50, 39, 0], "ix": 2 },
        "a": { "a": 0, "k": [100, 78, 0], "ix": 1 },
        "s": { "a": 0, "k": [50, 50, 100], "ix": 6 }
      },
      "ao": 0,
      "w": 200,
      "h": 156,
      "ip": 0,
      "op": 200,
      "st": 0,
      "bm": 0
    }
  ],
  "markers": []
}
